species	result_type	rank	match_name	consensus	target_pct	bg_pct	signal_delta_pct	false_positive	isre_like
human	known	1	ISRE(IRF)/ThioMac-LPS-Expression(GSE23622)/Homer	AGTTTCAGTTTC	16.99	3.92	13.069999999999999	False	True
human	known	2	IRF2(IRF)/Erythroblas-IRF2-ChIP-Seq(GSE36985)/Homer	GAAAGTGAAAGT	19.55	6.44	13.11	False	True
human	known	3	IRF1(IRF)/PBMC-IRF1-ChIP-Seq(GSE43036)/Homer	GAAAGTGAAAGT	21.79	9.04	12.75	False	True
human	known	4	IRF8(IRF)/BMDM-IRF8-ChIP-Seq(GSE77884)/Homer	GGAAGTGAAAGT	36.54	20.19	16.349999999999998	False	True
human	known	5	IRF3(IRF)/BMDM-Irf3-ChIP-Seq(GSE67343)/Homer	AGTTTCAGTTTC	35.58	20.11	15.469999999999999	False	True
human	known	6	PU.1:IRF8(ETS:IRF)/pDC-Irf8-ChIP-Seq(GSE66899)/Homer	GGAAGTGAAAGT	21.79	11.92	9.87	False	True
human	known	7	PU.1-IRF(ETS:IRF)/Bcell-PU.1-ChIP-Seq(GSE21512)/Homer	CGGAAGTGAAAC	70.19	60.72	9.469999999999999	False	True
human	known	8	NFkB-p65-Rel(RHD)/ThioMac-LPS-Expression(GSE23622)/Homer	GGAAATTCCC	8.33	3.94	4.390000000000001	False	True
chicken	known	1	IRF3(IRF)/BMDM-Irf3-ChIP-Seq(GSE67343)/Homer	AGTTTCAGTTTC	37.74	10.74	27.0	False	True
chicken	known	2	ISRE(IRF)/ThioMac-LPS-Expression(GSE23622)/Homer	AGTTTCAGTTTC	15.09	2.27	12.82	False	True
chicken	known	3	HAT5(Homeobox)/colamp-HAT5-DAP-Seq(GSE60143)/Homer	TCAATTATTG	22.64	7.11	15.530000000000001	False	False
chicken	known	4	IRF2(IRF)/Erythroblas-IRF2-ChIP-Seq(GSE36985)/Homer	GAAAGTGAAAGT	18.87	5.23	13.64	False	True
chicken	known	5	STAT5(Stat)/mCD4+-Stat5-ChIP-Seq(GSE12346)/Homer	ATTTCTTAGAAA	33.96	15.34	18.62	False	True
chicken	known	6	MYB58(MYB)/colamp-MYB58-DAP-Seq(GSE60143)/Homer	CCCACCTACC	64.15	44.35	19.800000000000004	False	False
chicken	known	7	STAT1(Stat)/HelaS3-STAT1-ChIP-Seq(GSE12782)/Homer	CATTTCCTGGAAAT	30.19	14.85	15.340000000000002	False	True
chicken	known	8	ATHB53(HB)/col-ATHB53-DAP-Seq(GSE60143)/Homer	CAATAATT	37.74	20.76	16.98	False	False
duck	known	1	IRF2(IRF)/Erythroblas-IRF2-ChIP-Seq(GSE36985)/Homer	GAAAGTGAAAGT	30.48	7.62	22.86	False	True
duck	known	2	ISRE(IRF)/ThioMac-LPS-Expression(GSE23622)/Homer	AGTTTCAGTTTC	21.9	4.58	17.32	False	True
duck	known	3	IRF1(IRF)/PBMC-IRF1-ChIP-Seq(GSE43036)/Homer	GAAAGTGAAAGT	30.48	11.83	18.65	False	True
duck	known	4	IRF8(IRF)/BMDM-IRF8-ChIP-Seq(GSE77884)/Homer	GGAAGTGAAAGT	46.67	25.38	21.290000000000003	False	True
duck	known	5	IRF3(IRF)/BMDM-Irf3-ChIP-Seq(GSE67343)/Homer	AGTTTCAGTTTC	43.81	24.57	19.240000000000002	False	True
duck	known	6	At5g29000(G2like)/col-At5g29000-DAP-Seq(GSE60143)/Homer	AGAATATTCTTA	34.29	18.4	15.89	False	False
duck	known	7	At1g68670(G2like)/colamp-At1g68670-DAP-Seq(GSE60143)/Homer	TAAATAGAAGATTCT	48.57	32.58	15.990000000000002	False	False
duck	known	8	RBPJ:Ebox(?,bHLH)/Panc1-Rbpj1-ChIP-Seq(GSE47459)/Homer	GGGAAAAGGGCCAGATG	36.19	22.99	13.2	False	True
